{"cameraMode":{"drawMode":0,"name":"Shaded","section":"Shading Mode"},"sceneLighting":true,"audioPlay":false,"sceneViewState":{"showFog":true,"showMaterialUpdate":false,"showSkybox":true,"showFlares":true,"showImageEffects":true,"showParticleSystems":true},"in2DMode":false,"pivot":{"x":4.434523582458496,"y":-1.3998756408691407,"z":-10.172653198242188},"rotation":{"x":-0.0028694812208414079,"y":0.9693862795829773,"z":-0.24526441097259522,"w":-0.011341371573507786},"size":43.7871208190918,"orthographic":false}