{"cameraMode":{"drawMode":0,"name":"Shaded","section":"Shading Mode"},"sceneLighting":false,"audioPlay":false,"sceneViewState":{"showFog":true,"showMaterialUpdate":false,"showSkybox":false,"showFlares":true,"showImageEffects":true,"showParticleSystems":true},"in2DMode":false,"pivot":{"x":0.0,"y":0.44602343440055849,"z":-0.08728200197219849},"rotation":{"x":0.33846473693847659,"y":0.18902583420276643,"z":-0.06959254294633866,"w":0.9191970229148865},"size":1.3987797498703004,"orthographic":false}