{"cameraMode":{"drawMode":0,"name":"Shaded","section":"Shading Mode"},"sceneLighting":false,"audioPlay":false,"sceneViewState":{"showFog":true,"showMaterialUpdate":false,"showSkybox":false,"showFlares":true,"showImageEffects":true,"showParticleSystems":true},"in2DMode":false,"pivot":{"x":-0.009976238012313843,"y":0.12234122306108475,"z":0.011875536292791367},"rotation":{"x":0.010531991720199585,"y":0.7252845168113709,"z":-0.011113017797470093,"w":0.6883754134178162},"size":0.7422035932540894,"orthographic":false}