{"cameraMode":{"drawMode":0,"name":"Shaded","section":"Shading Mode"},"sceneLighting":false,"audioPlay":false,"sceneViewState":{"showFog":true,"showMaterialUpdate":false,"showSkybox":false,"showFlares":true,"showImageEffects":true,"showParticleSystems":true},"in2DMode":false,"pivot":{"x":-0.41583797335624697,"y":0.12641829252243043,"z":-1.637434482574463},"rotation":{"x":0.010531991720199585,"y":0.7252845168113709,"z":-0.011113017797470093,"w":0.6883754134178162},"size":0.1676936000585556,"orthographic":false}