{"cameraMode":{"drawMode":0,"name":"Shaded","section":"Shading Mode"},"sceneLighting":false,"audioPlay":false,"sceneViewState":{"showFog":true,"showMaterialUpdate":false,"showSkybox":false,"showFlares":true,"showImageEffects":true,"showParticleSystems":true},"in2DMode":false,"pivot":{"x":-0.2212963104248047,"y":4.876420021057129,"z":-0.6438146829605103},"rotation":{"x":0.12723691761493684,"y":-0.059168606996536258,"z":0.007599737495183945,"w":0.9900913834571838},"size":7.841949939727783,"orthographic":false}