{"cameraMode":{"drawMode":0,"name":"Shaded","section":"Shading Mode"},"sceneLighting":false,"audioPlay":false,"sceneViewState":{"showFog":true,"showMaterialUpdate":false,"showSkybox":false,"showFlares":true,"showImageEffects":true,"showParticleSystems":true},"in2DMode":false,"pivot":{"x":0.6063599586486816,"y":1.0410399436950684,"z":0.00044596195220947266},"rotation":{"x":-0.11522071808576584,"y":0.6127843856811523,"z":-0.09092779457569123,"w":-0.7765003442764282},"size":1.074425220489502,"orthographic":false}