{"cameraMode":{"drawMode":0,"name":"Shaded","section":"Shading Mode"},"sceneLighting":false,"audioPlay":false,"sceneViewState":{"showFog":true,"showMaterialUpdate":false,"showSkybox":false,"showFlares":true,"showImageEffects":true,"showParticleSystems":true},"in2DMode":false,"pivot":{"x":-13.183135986328125,"y":0.3361768424510956,"z":-8.631036758422852},"rotation":{"x":-0.3561030328273773,"y":-0.15293414890766145,"z":0.05917220935225487,"w":-0.9199888706207275},"size":1.1850299835205079,"orthographic":false}